<?xml version="1.0" encoding="UTF-8"?>
<beans xmlns="http://www.springframework.org/schema/beans"
       xmlns:xsi="http://www.w3.org/2001/XMLSchema-instance"
       xmlns:context="http://www.springframework.org/schema/context" xmlns:tx="http://www.springframework.org/schema/tx"
       xmlns:aop="http://www.springframework.org/schema/aop" xmlns:jpa="http://www.springframework.org/schema/data/jpa"
       xsi:schemaLocation="http://www.springframework.org/schema/beans http://www.springframework.org/schema/beans/spring-beans.xsd http://www.springframework.org/schema/context http://www.springframework.org/schema/context/spring-context.xsd http://www.springframework.org/schema/tx http://www.springframework.org/schema/tx/spring-tx.xsd http://www.springframework.org/schema/aop http://www.springframework.org/schema/aop/spring-aop.xsd http://www.springframework.org/schema/data/jpa http://www.springframework.org/schema/data/jpa/spring-jpa.xsd http://www.springframework.org/schema/mvc http://www.springframework.org/schema/mvc/spring-mvc.xsd">

    <description>SpringJpa配置</description>

    <!-- 如果spring用了jpa，并且类型为LocalContainerEntityManagerFactoryBean，则组件注册在此配置文件出现即可，其余配置文件可忽略
           使用component来替代annotation 自动注册bean, 并保证@Required、@Autowired的属性被注入\ -->
    <context:annotation-config/>
    <context:component-scan base-package="org.keega.spring.data.jpa.service">
        <context:exclude-filter type="annotation" expression="org.springframework.stereotype.Controller"/>
        <context:exclude-filter type="annotation" expression="org.springframework.web.bind.annotation.ControllerAdvice"/>
    </context:component-scan>

    <!-- spring启动时扫描项目路径下的properties文件,后续用${key }方式取出对应值,这样可以代码解耦和，后续只需修改properties文件即可 -->
    <bean id="propertyPlaceholderConfigurer" class="org.springframework.beans.factory.config.PropertyPlaceholderConfigurer">
        <property name="locations">
            <list>
                <!-- dataSourse连接池相关属性，代码不在此贴出，会放在打包好的项目里面 -->
                <value>classpath:db.properties</value>
                <value>classpath:log4j.properties</value>
            </list>
        </property>
    </bean>

    <!-- 定义实体管理器工厂Jpa配置   LocalContainerEntityManagerFactoryBean这个选项Spring扮演了容器的角色。完全掌管JPA -->
    <bean id="entityManagerFactory" class="org.springframework.orm.jpa.LocalContainerEntityManagerFactoryBean">
        <!-- 指定数据源 -->
        <property name="dataSource" ref="dataSource"/>
        <!-- 指定Jpa持久化实现厂商类,这里以Hibernate为例 -->
        <property name="jpaVendorAdapter" ref="hibernateJpaVendorAdapter"/>
        <!-- 指定Entity实体类包路径 -->
        <property name="packagesToScan">
            <array>
                <!-- 扫描实体类 -->
                <value>org.keega.spring.data.jpa.model</value>
            </array>
        </property>
        <!-- 指定JPA属性；如Hibernate中指定是否显示SQL的是否显示、方言等 -->
        <property name="jpaProperties">
            <props>
                <!--<prop key="hibernate.dialect">org.hibernate.dialect.Oracle10gDialect</prop>-->
                <prop key="hibernate.dialect">org.hibernate.dialect.SQLServer2008Dialect</prop>
                <prop key="hibernate.ejb.naming_strategy">org.hibernate.cfg.ImprovedNamingStrategy</prop>
                <prop key="hibernate.cache.provider_class">org.hibernate.cache.NoCacheProvider</prop>
                <prop key="hibernate.show_sql">true</prop>
                <prop key="hibernate.format_sql">true</prop>
                <!--<prop key="hibernate.hbm2ddl.auto">validate</prop>-->
                <prop key="hibernate.hbm2ddl.auto">update</prop>
                <!--二级缓存-->
                <prop key="hibernate.cache.use_query_cache">true</prop>
                <prop key="hibernate.cache.use_second_level_cache">true</prop>
                <prop key="hibernate.cache.region.factory_class">org.hibernate.cache.ehcache.EhCacheRegionFactory</prop>
            </props>
        </property>
    </bean>

    <!-- 重要配置：启用扫描并自动创建代理的功能  --> <!-- 扫描dao仓库 -->
    <jpa:repositories base-package="org.keega.spring.data.jpa.dao" transaction-manager-ref="transactionManager"
                      entity-manager-factory-ref="entityManagerFactory"/>

    <!-- Hibernate对Jpa的实现适配器 -->
    <bean id="hibernateJpaVendorAdapter" class="org.springframework.orm.jpa.vendor.HibernateJpaVendorAdapter"/>

    <!-- Jpa 事务管理器  -->
    <bean id="transactionManager" class="org.springframework.orm.jpa.JpaTransactionManager">
        <property name="entityManagerFactory" ref="entityManagerFactory"/>
    </bean>

    <!-- 开启注解事务管理 -->
    <tx:annotation-driven transaction-manager="transactionManager" proxy-target-class="true"/>
    <!-- 启动对@AspectJ（面向切面）注解的支持 -->
    <aop:aspectj-autoproxy/>





<!--    &lt;!&ndash; 为dbutil注入数据源，作为dao执行 &ndash;&gt;
    <bean id="queryRunner" class="org.apache.commons.dbutils.QueryRunner">
        <constructor-arg name="ds" ref="dataSource"/>
    </bean>
    &lt;!&ndash; 为spring 的jdbcTemplate注入数据源 &ndash;&gt;
    <bean id="jdbcTemplate" class="org.springframework.jdbc.core.JdbcTemplate">
        <constructor-arg name="dataSource" ref="dataSource"/>
    </bean>
    &lt;!&ndash; 配置事务管理器 &ndash;&gt;
    <bean id="transactionManager" class="org.springframework.jdbc.datasource.DataSourceTransactionManager">
        <property name="dataSource" ref="dataSource" />
    </bean>
    &lt;!&ndash; 开启拦截器方式配置事务管理 &ndash;&gt;
    <tx:advice id="transactionAdvice" transaction-manager="transactionManager">
        <tx:attributes>
            <tx:method name="add*" propagation="REQUIRED" />
            <tx:method name="append*" propagation="REQUIRED" />
            <tx:method name="insert*" propagation="REQUIRED" />
            <tx:method name="save*" propagation="REQUIRED" />
            <tx:method name="update*" propagation="REQUIRED" />
            <tx:method name="modify*" propagation="REQUIRED" />
            <tx:method name="edit*" propagation="REQUIRED" />
            <tx:method name="delete*" propagation="REQUIRED" />
            <tx:method name="remove*" propagation="REQUIRED" />
            <tx:method name="repair" propagation="REQUIRED" />
            <tx:method name="delAndRepair" propagation="REQUIRED" />
            <tx:method name="get*" propagation="SUPPORTS" read-only="true"/>
            <tx:method name="list*" propagation="SUPPORTS" read-only="true"/>
            <tx:method name="find*" propagation="SUPPORTS" read-only="true"/>
            <tx:method name="load*" propagation="SUPPORTS" read-only="true"/>
            <tx:method name="search*" propagation="SUPPORTS" read-only="true"/>
            <tx:method name="datagrid*" propagation="SUPPORTS" read-only="true"/>
            <tx:method name="*" propagation="SUPPORTS" read-only="true"/>
        </tx:attributes>
    </tx:advice>
    &lt;!&ndash; 拦截方式的面向切面 &ndash;&gt;
    <aop:config>
        &lt;!&ndash;<aop:pointcut id="transactionPointcut" expression="execution(* org.keega.idea.dao..*.*(..))" />&ndash;&gt;
        <aop:pointcut id="transactionPointcut" expression="execution(* org.keega.spring.data.jpa.service..*.*(..))" />
        <aop:advisor pointcut-ref="transactionPointcut" advice-ref="transactionAdvice" />
    </aop:config>-->





    <!-- 数据源配置,使用应用内的DBCP数据库连接池 -->
    <bean id="dataSource" class="com.alibaba.druid.pool.DruidDataSource" init-method="init" destroy-method="close">
        <!--property name="driverClassName" value="${db.driverClass}"/-->
        <property name="url" value="${db.jdbcUrl}"/>
        <property name="username" value="${db.user}"/>
        <property name="password" value="${db.password}"/>

        <!-- 配置初始化大小、最小、最大 -->
        <property name="initialSize" value="${db.initialSize}"/>
        <property name="minIdle" value="${db.minIdle}"/>
        <property name="maxActive" value="${db.maxActive}"/>
        <!-- 配置获取连接等待超时的时间 -->
        <property name="maxWait" value="${db.maxWait}"/>
        <!-- 配置间隔多久才进行一次检测，检测需要关闭的空闲连接，单位是毫秒 -->
        <property name="timeBetweenEvictionRunsMillis" value="${db.timeBetweenEvictionRunsMillis}"/>
        <!-- 配置一个连接在池中最小生存的时间，单位是毫秒 -->
        <property name="minEvictableIdleTimeMillis" value="${db.minEvictableIdleTimeMillis}"/>

        <property name="validationQuery" value="SELECT 'x' from dual"/>
        <property name="testWhileIdle" value="true"/>
        <property name="testOnBorrow" value="false"/>
        <property name="testOnReturn" value="false"/>
        <!-- 打开PSCache，并且指定每个连接上PSCache的大小 -->
        <!-- <property name="poolPreparedStatements" value="${db.poolPreparedStatements}" />
         <property name="maxPoolPreparedStatementPerConnectionSize" value="${db.maxPoolPreparedStatementPerConnectionSize}" />-->
    </bean>

</beans>