<?xml version="1.0" encoding="UTF-8"?>
<beans xmlns="http://www.springframework.org/schema/beans"
       xmlns:xsi="http://www.w3.org/2001/XMLSchema-instance" xmlns:mvc="http://www.springframework.org/schema/mvc"
       xmlns:context="http://www.springframework.org/schema/context"
       xsi:schemaLocation="http://www.springframework.org/schema/beans http://www.springframework.org/schema/beans/spring-beans-3.0.xsd http://www.springframework.org/schema/mvc http://www.springframework.org/schema/mvc/spring-mvc.xsd http://www.springframework.org/schema/context http://www.springframework.org/schema/context/spring-context.xsd">

    <description>Spring-mvc配置</description>

    <mvc:annotation-driven>
        <!-- 使用springmvc必须使用这个驱动，即使不配置以下配置，也要有这个自结束标签<mvc:annotation-driven/> ,否则controller无法加载-->
        <mvc:message-converters register-defaults="true">
            <!-- 设置response返回到浏览器的数据格式为UTF-8 -->
            <bean class="org.springframework.http.converter.StringHttpMessageConverter">
                <property name="supportedMediaTypes" value="text/plain;charset=UTF-8" />
            </bean>
            <!-- json输出 -->
            <bean class="org.springframework.http.converter.json.MappingJackson2HttpMessageConverter">
                <property name="objectMapper">
                    <bean class="com.fasterxml.jackson.databind.ObjectMapper">
                        <property name="dateFormat">
                            <!-- 设置json日期格式 -->
                            <bean class="java.text.SimpleDateFormat">
                                <constructor-arg type="java.lang.String" value="yyyy-MM-dd HH:mm:ss" />
                            </bean>
                        </property>
                    </bean>
                </property>
            </bean>
        </mvc:message-converters>
    </mvc:annotation-driven>

    <context:component-scan base-package="org.keega.spring.data.jpa.controller" use-default-filters="false">
        <context:include-filter type="annotation" expression="org.springframework.stereotype.Controller"/>
        <context:include-filter type="annotation" expression="org.springframework.web.bind.annotation.ControllerAdvice"/>
    </context:component-scan>

    <!-- 避免IE执行AJAX时,返回JSON出现下载文件 -->
    <bean id="mappingJacksonHttpMessageConverter" class="org.springframework.http.converter.json.MappingJackson2HttpMessageConverter">
        <property name="supportedMediaTypes">
            <list>
                <value>text/html;charset=UTF-8</value>
            </list>
        </property>
    </bean>

    <!-- 启动Spring MVC的注解功能，完成请求和注解POJO的映射 -->
    <bean class="org.springframework.web.servlet.mvc.method.annotation.RequestMappingHandlerAdapter">
        <property name="messageConverters">
            <list>
                <ref bean="mappingJacksonHttpMessageConverter" /><!-- json转换器 -->
            </list>
        </property>
    </bean>

    <!-- 这里配置的是freemarker -->
    <bean id="freemarkerConfig" class="org.springframework.web.servlet.view.freemarker.FreeMarkerConfigurer">
        <property name="templateLoaderPath" value="/WEB-INF"/>
        <property name="defaultEncoding" value="utf-8"/>
        <property name="freemarkerSettings">
            <props>
                <prop key="template_update_delay">0</prop>
                <prop key="default_encoding">UTF-8</prop>
                <prop key="number_format">0.##########</prop>
                <prop key="datetime_format">yyyy-MM-dd HH:mm:ss</prop>
                <prop key="classic_compatible">true</prop>
                <prop key="template_exception_handler">ignore</prop>
            </props>
        </property>
    </bean>
    <!-- 设置freeMarker的配置文件路径 --><!-- freemarker视图解析 -->
    <bean id="freemarkerConfiguration"  class="org.springframework.beans.factory.config.PropertiesFactoryBean" />
    <!-- freemarker视图解析器 -->
    <bean id="viewResolver" class="org.springframework.web.servlet.view.freemarker.FreeMarkerViewResolver">
        <property name="exposeRequestAttributes" value="true" />
        <property name="exposeSessionAttributes" value="true" />
        <property name="viewClass" value="org.springframework.web.servlet.view.freemarker.FreeMarkerView"/>
        <property name="cache" value="true"/>
        <property name="suffix" value=".ftl"/>
        <property name="contentType" value="text/html;charset=UTF-8"/>
    </bean>

    <!-- 对模型视图名称的解析，即在模型视图名称添加前后缀 --><!-- jsp视图解析 -->
    <bean class="org.springframework.web.servlet.view.InternalResourceViewResolver">
        <property name="prefix" value="/WEB-INF"/>
        <property name="suffix" value=".jsp"/>
        <property name="cache" value="true"/>
        <property name="contentType" value="text/html;charset=UTF-8"/>
    </bean>

    <!-- 文件上传解析器 -->
    <bean id="multipartResolver" class="org.springframework.web.multipart.commons.CommonsMultipartResolver">
        <property name="defaultEncoding" value="UTF-8"/>
        <property name="maxUploadSize" value="32505856"/><!-- 上传文件大小限制为31M，31*1024*1024 -->
        <property name="maxInMemorySize" value="4096"/>
    </bean>

    <mvc:interceptors>
        <!-- 国际化操作拦截器 如果采用基于（请求/Session/Cookie）则必需配置 -->
        <bean class="org.springframework.web.servlet.i18n.LocaleChangeInterceptor" />
        <!-- 如果不定义 mvc:mapping path 将拦截所有的URL请求 -->
        <!-- <bean class="com.global.interceptor.AuthorityInterceptor"></bean> -->
    </mvc:interceptors>

    <!-- 设置静态资源 -->
    <mvc:resources mapping="/css/**" location="/META-INF/resources/css/"
                   cache-period="31556926"/>
    <mvc:resources mapping="/images/**" location="/META-INF/resources/images/"
                   cache-period="31556926"/>
    <mvc:resources mapping="/js/**" location="/META-INF/resources/js/"
                   cache-period="31556926"/>
    <mvc:resources mapping="/upload/**" location="/upload/"
                   cache-period="31556926"/>
</beans>